{
  "intercept": 3.593675980866143,
  "slope": 0.7401219626602222
}